feature,horizon,BTCUSDT,ETHUSDT,SOLUSDT,ic_avg,ic_min_abs,same_sign
bb_pos_24h,fwd_12h,-0.006794598803629914,0.06461233791629578,0.04253841428757581,0.033452051133413895,0.006794598803629914,False
bb_pos_24h,fwd_168h,0.03466836588447014,0.02965434375992035,0.007693936351935319,0.024005548665441936,0.007693936351935319,True
bb_pos_24h,fwd_1h,0.014372293058471371,0.02690418387412504,0.014898394377150374,0.018724957103248927,0.014372293058471371,True
bb_pos_24h,fwd_24h,0.016673769450160112,0.07634735330309377,0.02858145796340749,0.040534193572220455,0.016673769450160112,True
bb_pos_24h,fwd_3h,0.013353110222722914,0.04047589026788569,0.0269609871540564,0.026929995881555004,0.013353110222722914,True
bb_pos_24h,fwd_48h,0.03582912536355641,0.05899974872553689,-0.018875954192744283,0.02531763996544967,0.018875954192744283,False
bb_pos_24h,fwd_6h,0.012636023994450196,0.05044898282301872,0.044594745676149995,0.03589325083120631,0.012636023994450196,True
bb_pos_24h,fwd_72h,0.04086679822555186,0.049837003464263924,-0.047039196552374665,0.01455486837914704,0.04086679822555186,False
bb_pos_48h,fwd_12h,0.015688390893776816,0.0815166754680977,0.035489458651264655,0.044231508337713055,0.015688390893776816,True
bb_pos_48h,fwd_168h,0.04822707541335657,0.05828325513543644,-0.0058448188093228924,0.03355517057982337,0.0058448188093228924,False
bb_pos_48h,fwd_1h,0.006722425697682982,0.025588101836623328,0.016573974163166923,0.016294833899157746,0.006722425697682982,True
bb_pos_48h,fwd_24h,0.03575539399764419,0.11542162794861796,0.017420327646351562,0.056199116530871236,0.017420327646351562,True
bb_pos_48h,fwd_3h,0.006330386307005547,0.04316147616896604,0.032586504881314315,0.02735945578576197,0.006330386307005547,True
bb_pos_48h,fwd_48h,0.0445832378786476,0.1165266378514046,-0.025835147419229775,0.04509157610360748,0.025835147419229775,False
bb_pos_48h,fwd_6h,0.010733220682947374,0.054660317707483225,0.04287232499987888,0.03608862113010316,0.010733220682947374,True
bb_pos_48h,fwd_72h,0.07338275315446936,0.10639561944260961,-0.026846993521261683,0.05097712635860576,0.026846993521261683,False
close_in_range,fwd_12h,-0.0031697561110680997,-0.027722316661548244,-0.023915204365904615,-0.018269092379506986,0.0031697561110680997,True
close_in_range,fwd_168h,0.02290366214361643,0.02081245857688543,0.004255107815741424,0.015990409512081097,0.004255107815741424,True
close_in_range,fwd_1h,-0.006120994397306693,-0.010522319642670296,-0.025871254892622847,-0.014171522977533277,0.006120994397306693,True
close_in_range,fwd_24h,-0.004322987889361404,-0.0017829600503732484,-0.006530407782649339,-0.004212118574127997,0.0017829600503732484,True
close_in_range,fwd_3h,-0.01570008392086399,-0.03205327154909845,-0.03598629341172683,-0.027913216293896426,0.01570008392086399,True
close_in_range,fwd_48h,0.002253431273622069,0.004372478952305819,-0.01602308855407332,-0.003132392776048477,0.002253431273622069,False
close_in_range,fwd_6h,0.02245453459379717,-0.022370386409147566,-0.02028699500850106,-0.006734282274617152,0.02028699500850106,False
close_in_range,fwd_72h,0.010498329764631659,0.006475430631591352,-0.0219188577373723,-0.0016483657803830962,0.006475430631591352,False
hl_range_mean_12h,fwd_12h,-0.1176344898492788,-0.021869713518133643,-0.09314704257500572,-0.07755041531413938,0.021869713518133643,True
hl_range_mean_12h,fwd_168h,-0.17765742665951226,-0.020300198447178716,-0.10403037589023521,-0.1006626669989754,0.020300198447178716,True
hl_range_mean_12h,fwd_1h,-0.0336651403522986,-0.004389055435739498,-0.018331130853253982,-0.018795108880430695,0.004389055435739498,True
hl_range_mean_12h,fwd_24h,-0.1523005742860816,-0.02618471758421621,-0.13196262375374246,-0.10348263854134676,0.02618471758421621,True
hl_range_mean_12h,fwd_3h,-0.06100574609595132,-0.005242541257590226,-0.04009736636745705,-0.035448551240332866,0.005242541257590226,True
hl_range_mean_12h,fwd_48h,-0.08122904798824206,0.10167980276182112,-0.043306261676381685,-0.007618502300934207,0.043306261676381685,False
hl_range_mean_12h,fwd_6h,-0.08634920827732101,-0.008070052374892292,-0.06091536237550726,-0.05177820767590685,0.008070052374892292,True
hl_range_mean_12h,fwd_72h,-0.10565689821297142,0.058209774045610466,-0.025087912170630403,-0.024178345445997118,0.025087912170630403,False
hl_range_mean_24h,fwd_12h,-0.12552483229031636,-0.022492199606179715,-0.10956094572700477,-0.08585932587450028,0.022492199606179715,True
hl_range_mean_24h,fwd_168h,-0.19864205692897427,-0.024188787705192775,-0.10940967017709087,-0.11074683827041931,0.024188787705192775,True
hl_range_mean_24h,fwd_1h,-0.0416863332442738,-0.01839482973044913,-0.03539411355051632,-0.03182509217507975,0.01839482973044913,True
hl_range_mean_24h,fwd_24h,-0.1213428993195507,0.03260440844528103,-0.09153190865077174,-0.0600901331750138,0.03260440844528103,False
hl_range_mean_24h,fwd_3h,-0.07378284336041963,-0.02763618822268052,-0.06472274608331025,-0.05538059255547013,0.02763618822268052,True
hl_range_mean_24h,fwd_48h,-0.0605260509536443,0.13796028948266953,-0.009076359329264094,0.022785959733253713,0.009076359329264094,False
hl_range_mean_24h,fwd_6h,-0.1025418954119661,-0.031491425884779996,-0.09150387071417525,-0.07517906400364044,0.031491425884779996,True
hl_range_mean_24h,fwd_72h,-0.11794802385259179,0.06158024017066158,-0.013810803130405124,-0.02339286227077844,0.013810803130405124,False
hl_range_mean_48h,fwd_12h,-0.049881350609118025,0.08339432272925794,-0.02480224857027549,0.002903574516621475,0.02480224857027549,False
hl_range_mean_48h,fwd_168h,-0.21049017028205105,-0.041911852435369434,-0.11339191933963957,-0.12193131401902002,0.041911852435369434,True
hl_range_mean_48h,fwd_1h,-0.020445472966419253,0.017698597670113298,-0.012098216480516014,-0.004948363925607323,0.012098216480516014,False
hl_range_mean_48h,fwd_24h,-0.042926735240836685,0.12450110274749816,-0.005816960088192378,0.025252469139489697,0.005816960088192378,False
hl_range_mean_48h,fwd_3h,-0.03463829609014683,0.03478944967417072,-0.01924403581557867,-0.006364294077184928,0.01924403581557867,False
hl_range_mean_48h,fwd_48h,-0.06592072623290308,0.11581289981116624,0.02316593414888506,0.024352702575716072,0.02316593414888506,False
hl_range_mean_48h,fwd_6h,-0.04473056876688369,0.052452152916153884,-0.026093893058303366,-0.006124102969677723,0.026093893058303366,False
hl_range_mean_48h,fwd_72h,-0.14318043366514072,0.04950786452697946,-0.0005976184598857735,-0.031423395866015676,0.0005976184598857735,False
hl_range_z_12h,fwd_12h,0.01437670913024832,0.0019595733493820815,0.034351864366712316,0.01689604894878091,0.0019595733493820815,True
hl_range_z_12h,fwd_168h,0.011996062383740437,0.007302017673644727,0.005254740860027449,0.008184273639137539,0.005254740860027449,True
hl_range_z_12h,fwd_1h,0.0006540302198901559,-0.007638386233900964,0.02916731213005815,0.007394318705349114,0.0006540302198901559,False
hl_range_z_12h,fwd_24h,-0.006739502572203745,-0.028593231255604985,0.004282077795813659,-0.01035021867733169,0.004282077795813659,False
hl_range_z_12h,fwd_3h,0.02058812536738409,0.000283623814918116,0.04227012347753266,0.021047290886611624,0.000283623814918116,True
hl_range_z_12h,fwd_48h,-0.021484467718392977,-0.02688619256684029,-0.013953651817242027,-0.020774770700825097,0.013953651817242027,True
hl_range_z_12h,fwd_6h,0.0361744584381071,0.012724344435516614,0.04623671601109477,0.031711839628239494,0.012724344435516614,True
hl_range_z_12h,fwd_72h,0.006832191603522647,0.004127335989276027,-0.00040217363417443885,0.0035191179862080787,0.00040217363417443885,False
hl_range_z_24h,fwd_12h,-0.0013260716454954649,-0.00531731813467636,0.02809538047236849,0.007150663564065555,0.0013260716454954649,False
hl_range_z_24h,fwd_168h,0.0010771773748632783,0.0027367373011571734,0.0007850418395275457,0.0015329855051826656,0.0007850418395275457,True
hl_range_z_24h,fwd_1h,0.002238416581540713,0.0012076263588458045,0.0406404246215352,0.014695489187307238,0.0012076263588458045,True
hl_range_z_24h,fwd_24h,-0.03471573047864109,-0.04390311523922015,-0.01820053782844347,-0.032273127848768235,0.01820053782844347,True
hl_range_z_24h,fwd_3h,0.013403399175866217,0.00041239021461836046,0.04717831404869932,0.0203313678130613,0.00041239021461836046,True
hl_range_z_24h,fwd_48h,-0.04305647842174032,-0.03041755989684275,-0.031164814640586867,-0.034879617653056645,0.03041755989684275,True
hl_range_z_24h,fwd_6h,0.0252309985937401,0.006923531862676417,0.04869317464954135,0.02694923503531929,0.006923531862676417,True
hl_range_z_24h,fwd_72h,0.0030817360047717553,0.006295674724082339,-0.00892799756006404,0.00014980438959668468,0.0030817360047717553,False
hl_range_z_48h,fwd_12h,-0.024143666935362528,-0.027546695576533137,0.0008557547344200602,-0.016944869259158536,0.0008557547344200602,False
hl_range_z_48h,fwd_168h,0.003074088222587335,0.01969520703852469,0.0027003079999282074,0.008489867753680077,0.0027003079999282074,True
hl_range_z_48h,fwd_1h,-0.004652478828212257,-0.015281767602513922,0.02709392999563866,0.0023865611883041606,0.004652478828212257,False
hl_range_z_48h,fwd_24h,-0.062131125671981514,-0.06314113024622744,-0.04941159931718986,-0.058227951745132935,0.04941159931718986,True
hl_range_z_48h,fwd_3h,0.005152517564378461,-0.02128816450782351,0.024426972517457245,0.002763775191337399,0.005152517564378461,False
hl_range_z_48h,fwd_48h,-0.03758616870673014,-0.012432201310753916,-0.050126472329115185,-0.03338161411553308,0.012432201310753916,True
hl_range_z_48h,fwd_6h,0.014446716271868568,-0.013154895500979091,0.024215692658272323,0.008502504476387266,0.013154895500979091,False
hl_range_z_48h,fwd_72h,0.014395424913858467,0.023978673155329876,-0.017346942366520488,0.0070090519008892856,0.014395424913858467,False
lower_wick_rel,fwd_12h,-0.03869044527160443,-0.02487755203161326,-0.055145720178318335,-0.03957123916051201,0.02487755203161326,True
lower_wick_rel,fwd_168h,-0.05938739273252914,-0.004328711799938605,-0.04870040761149005,-0.03747217071465259,0.004328711799938605,True
lower_wick_rel,fwd_1h,-0.018612359933717598,-0.06368641683671816,-0.0626279934192815,-0.048308923396572424,0.018612359933717598,True
lower_wick_rel,fwd_24h,-0.056455649856590406,-0.04340376834652553,-0.07973382767632775,-0.0598644152931479,0.04340376834652553,True
lower_wick_rel,fwd_3h,-0.03486707570699241,-0.05880456761342621,-0.06352919062520018,-0.05240027798187293,0.03486707570699241,True
lower_wick_rel,fwd_48h,-0.020507273948472675,0.017882147713402675,-0.024580791127216343,-0.009068639120762114,0.017882147713402675,False
lower_wick_rel,fwd_6h,-0.019367863486132876,-0.04354759941112557,-0.05914802540835393,-0.040687829435204124,0.019367863486132876,True
lower_wick_rel,fwd_72h,-0.015371723357326901,0.022074400011281168,-0.005677836555396197,0.00034161336618602323,0.005677836555396197,False
n_trades_z_24h,fwd_12h,-0.010530848306542166,-0.005188595094991665,0.00822944052989422,-0.0024966676238798702,0.005188595094991665,False
n_trades_z_24h,fwd_168h,0.0006446523452247549,0.010081378141947676,0.0073567824134780435,0.006027604300216825,0.0006446523452247549,True
n_trades_z_24h,fwd_1h,-0.003606733105338523,-0.00012722958637757635,0.001971729448285051,-0.0005874110811436827,0.00012722958637757635,False
n_trades_z_24h,fwd_24h,-0.04079702857322322,-0.052086593936829365,-0.02901964823626247,-0.04063442358210501,0.02901964823626247,True
n_trades_z_24h,fwd_3h,0.012975387477871374,0.011644429920245369,0.02073166347284201,0.015117160290319584,0.011644429920245369,True
n_trades_z_24h,fwd_48h,-0.051472748947529824,-0.0326598679298316,-0.04341975768974462,-0.04251745818903535,0.0326598679298316,True
n_trades_z_24h,fwd_6h,0.021078064357826363,0.01620571426933806,0.0211039173892127,0.019462565338792374,0.01620571426933806,True
n_trades_z_24h,fwd_72h,0.009382605435671333,0.01198368821025158,-0.007707752900938456,0.00455284691499482,0.007707752900938456,False
qvol_z_24h,fwd_12h,-0.00040604651297977413,0.00873321942553875,0.016435553680911798,0.008254242197823591,0.00040604651297977413,False
qvol_z_24h,fwd_168h,0.012947774319606985,0.0013182111197363258,0.008275716657060676,0.007513900698801329,0.0013182111197363258,True
qvol_z_24h,fwd_1h,-0.02375598599273699,-0.005580866206185548,0.01174992523313624,-0.005862308988595432,0.005580866206185548,False
qvol_z_24h,fwd_24h,-0.03139900273428056,-0.034709300713775613,-0.011460718390358608,-0.025856340612804934,0.011460718390358608,True
qvol_z_24h,fwd_3h,0.004570631803017907,0.009342002823951884,0.02817125061533289,0.014027961747434226,0.004570631803017907,True
qvol_z_24h,fwd_48h,-0.039707691310454735,-0.023653203335387882,-0.03597310010142363,-0.033111331582422084,0.023653203335387882,True
qvol_z_24h,fwd_6h,0.020266609658559025,0.023837842904859012,0.03201940616325771,0.025374619575558584,0.020266609658559025,True
qvol_z_24h,fwd_72h,0.014353765868984724,0.002887693581397341,-0.002431248264772413,0.004936737061869884,0.002431248264772413,False
roc_12h,fwd_12h,-0.02545254063644437,0.04091892629823132,0.04633153542928488,0.02059930703035728,0.02545254063644437,False
roc_12h,fwd_168h,0.019515833218234257,0.01908163773595815,-0.020030296271394018,0.0061890582275994635,0.01908163773595815,False
roc_12h,fwd_1h,-0.006989080134215684,0.006560730718137174,0.011104137259606036,0.003558595947842509,0.006560730718137174,False
roc_12h,fwd_24h,-0.017868470366623212,0.05918389167623005,0.05147163811469111,0.03092901980809931,0.017868470366623212,False
roc_12h,fwd_3h,-0.00835435811856287,0.01648825696020172,0.022434119182407723,0.010189339341348858,0.00835435811856287,False
roc_12h,fwd_48h,-0.022918930751710774,0.031032263990558712,-0.04322904045517604,-0.011705235738776035,0.022918930751710774,False
roc_12h,fwd_6h,-0.01859306083164706,0.021049983615417732,0.035186196343590555,0.012547706375787076,0.01859306083164706,False
roc_12h,fwd_72h,-0.009952321986704031,0.0021400301897912867,-0.09879139742400116,-0.03553456307363797,0.0021400301897912867,False
roc_168h,fwd_12h,0.014095264522993934,0.0202100888018036,-0.02120413327781965,0.004367073348992628,0.014095264522993934,False
roc_168h,fwd_168h,-0.29071410293010785,-0.051120560260566716,-0.2861007633353667,-0.20931180884201375,0.051120560260566716,True
roc_168h,fwd_1h,0.00783351191141766,0.009977508367478124,0.00017380112149589813,0.005994940466797227,0.00017380112149589813,True
roc_168h,fwd_24h,0.02324030907040787,0.028572314736392837,-0.049498111015570445,0.0007715042637434222,0.02324030907040787,False
roc_168h,fwd_3h,0.015171085519685289,0.016197209712534452,0.0002462939467917904,0.010538196393003844,0.0002462939467917904,True
roc_168h,fwd_48h,0.015546261640619626,0.02255226918612365,-0.09955833874947534,-0.02048660264091069,0.015546261640619626,False
roc_168h,fwd_6h,0.016399970929824353,0.01778666748572682,-0.0050097309642248835,0.00972563581710876,0.0050097309642248835,False
roc_168h,fwd_72h,-0.026220567371325214,0.012751739961070872,-0.13739825854580634,-0.05028902865202023,0.012751739961070872,False
roc_1h,fwd_12h,-0.005887101496588447,0.007379139997567498,0.012902909076851559,0.00479831585927687,0.005887101496588447,False
roc_1h,fwd_168h,0.01019856230947296,0.010125588449162636,0.0015605076200101598,0.007294886126215253,0.0015605076200101598,True
roc_1h,fwd_1h,-0.0013788721399734052,0.0066696762335665925,0.008949578533092929,0.004746794208895372,0.0013788721399734052,False
roc_1h,fwd_24h,-0.008753304827695376,0.018757894611855716,0.019069417310207372,0.00969133569812257,0.008753304827695376,False
roc_1h,fwd_3h,-0.01833358608167502,0.006335434954209107,-0.008651525820785171,-0.006883225649417028,0.006335434954209107,False
roc_1h,fwd_48h,-0.0034082665012306907,0.013931671419978737,-0.005522263725186541,0.0016670470645205016,0.0034082665012306907,False
roc_1h,fwd_6h,0.01646786255485985,0.020769743158056853,0.016071527048368995,0.017769710920428564,0.016071527048368995,True
roc_1h,fwd_72h,-0.00760484651185359,0.003062270262266764,-0.02800412388040912,-0.01084890004333198,0.003062270262266764,False
roc_24h,fwd_12h,-0.01698745407571611,0.05989098768669123,0.05243696082553858,0.03178016481217124,0.01698745407571611,False
roc_24h,fwd_168h,0.030885556418446057,0.027454634138116614,-0.049455501905263495,0.002961562883766392,0.027454634138116614,False
roc_24h,fwd_1h,-0.010403658874203777,0.01718475980032453,0.017130123329115957,0.007970408085078902,0.010403658874203777,False
roc_24h,fwd_24h,-0.0030214126211531482,0.0712596181846206,0.021519684744557795,0.02991929676934175,0.0030214126211531482,False
roc_24h,fwd_3h,-0.008666480160457993,0.0319304933812754,0.036984163861305146,0.020082725694040852,0.008666480160457993,False
roc_24h,fwd_48h,-0.026243861918950145,0.02501576244689468,-0.09508917123458398,-0.032105756902213144,0.02501576244689468,False
roc_24h,fwd_6h,-0.013358341531588235,0.03669973633677161,0.05184228223596298,0.025061225680382118,0.013358341531588235,False
roc_24h,fwd_72h,0.033799825762417,0.01885084234840247,-0.12577460978710042,-0.024374647225426982,0.01885084234840247,False
roc_3h,fwd_12h,-0.007232991435889412,0.017583450388119093,0.02476852815314282,0.011706329035124167,0.007232991435889412,False
roc_3h,fwd_168h,0.018317321087289794,0.015871772398178944,0.0020317665777044623,0.012073620021057734,0.0020317665777044623,True
roc_3h,fwd_1h,-0.018322417353185256,0.006341987747621971,-0.00859504012161965,-0.006858489909060978,0.006341987747621971,False
roc_3h,fwd_24h,-0.0072057384109084285,0.03356121933098122,0.038635945708222055,0.021663808876098284,0.0072057384109084285,False
roc_3h,fwd_3h,0.021119660910617826,0.0511074413343708,0.02055400012942503,0.03092703412480455,0.02055400012942503,True
roc_3h,fwd_48h,-0.0048156593359367315,0.02667476803989833,-0.0070054112601918425,0.004951232481256586,0.0048156593359367315,False
roc_3h,fwd_6h,0.02589167215885804,0.03845042653959836,0.032854271629264506,0.0323987901092403,0.02589167215885804,True
roc_3h,fwd_72h,-0.015091712492814758,4.785269265737865e-05,-0.05187717810415657,-0.022307012634771316,4.785269265737865e-05,False
roc_48h,fwd_12h,-0.027506690657706306,0.03229461863490576,-0.04258521025509998,-0.01259909409263351,0.027506690657706306,False
roc_48h,fwd_168h,0.030462479186576543,0.026277171579179873,-0.09864760194670742,-0.013969317060317002,0.026277171579179873,False
roc_48h,fwd_1h,-0.0063541256426223785,0.013366294531070352,-0.00608113657255907,0.0003103441052963012,0.00608113657255907,False
roc_48h,fwd_24h,-0.03177497093270471,0.026594660267463644,-0.0948780590082622,-0.03335278989116775,0.026594660267463644,False
roc_48h,fwd_3h,-0.00801243213208557,0.02706850319102812,-0.00695764802425982,0.004032807678227578,0.00695764802425982,False
roc_48h,fwd_48h,0.018700289378761746,0.007286878304875804,-0.17837822560558927,-0.05079701930731725,0.007286878304875804,False
roc_48h,fwd_6h,-0.017477684549651467,0.029784233311444766,-0.01662511800679388,-0.00143952308166686,0.01662511800679388,False
roc_48h,fwd_72h,0.05221345045148196,0.023246205762205256,-0.14596637925778005,-0.02350224101469761,0.023246205762205256,False
roc_6h,fwd_12h,-0.01766796803525098,0.021708085505897753,0.03670296600217073,0.013581027824272502,0.01766796803525098,False
roc_6h,fwd_168h,0.02045745998456797,0.017173108044558252,-0.0035779425571452065,0.011350875157327004,0.0035779425571452065,False
roc_6h,fwd_1h,0.01633828074201666,0.020393750354645114,0.01550394649487149,0.017411992530511088,0.01550394649487149,True
roc_6h,fwd_24h,-0.012620091915951438,0.03721708392962064,0.0521423310677234,0.025579774360464203,0.012620091915951438,False
roc_6h,fwd_3h,0.02573056045267891,0.03803316346333722,0.03193906288815782,0.031900928934724654,0.02573056045267891,True
roc_6h,fwd_48h,-0.013979519058374764,0.02849209947173955,-0.016943342868595907,-0.0008102541517437072,0.013979519058374764,False
roc_6h,fwd_6h,0.0029186449886451846,0.01002869167817694,0.03876467145515674,0.01723733604065962,0.0029186449886451846,True
roc_6h,fwd_72h,-0.019348943978103033,-0.006622766324424307,-0.07489687742647166,-0.033622862576333006,0.006622766324424307,True
roc_72h,fwd_12h,-0.007703982667252951,0.008232588862831465,-0.09665381132883226,-0.032041735044417916,0.007703982667252951,False
roc_72h,fwd_168h,-0.008348739758333442,0.01936177049249527,-0.1346336311620224,-0.04120686680928686,0.008348739758333442,False
roc_72h,fwd_1h,-0.009124654937842683,0.002998985125805051,-0.02853776545136901,-0.011554478421135548,0.002998985125805051,False
roc_72h,fwd_24h,0.03975939695326032,0.03094371856715494,-0.12016585421473142,-0.01648757956477205,0.03094371856715494,False
roc_72h,fwd_3h,-0.016289965323903224,0.001178464468957835,-0.052052370246095964,-0.02238795703368045,0.001178464468957835,False
roc_72h,fwd_48h,0.06379609719284537,0.03519502486352429,-0.14035802402016634,-0.013788967321265555,0.03519502486352429,False
roc_72h,fwd_6h,-0.019429882796021678,-0.0039245871260449655,-0.07424556025816167,-0.03253334339340944,0.0039245871260449655,True
roc_72h,fwd_72h,0.08727438743956717,0.03803201769707101,-0.10184684563382271,0.007819853167605159,0.03803201769707101,False
rv_24h,fwd_12h,-0.12605707987326928,-0.032094968741229565,-0.11948977797650157,-0.09254727553033347,0.032094968741229565,True
rv_24h,fwd_168h,-0.11586066341354943,-0.00428511032413794,-0.03786650158739116,-0.05267075844169284,0.00428511032413794,True
rv_24h,fwd_1h,-0.04302553086585693,-0.012335932528762021,-0.027290071646765918,-0.02755051168046162,0.012335932528762021,True
rv_24h,fwd_24h,-0.09004390486609094,0.006847123886050897,-0.10294947693813464,-0.06204875263939156,0.006847123886050897,False
rv_24h,fwd_3h,-0.07631022151402424,-0.024135195214711344,-0.05771479892024063,-0.05272007188299207,0.024135195214711344,True
rv_24h,fwd_48h,-0.025521275106314814,0.09430350694199278,-0.010307539832464102,0.01949156400107129,0.010307539832464102,False
rv_24h,fwd_6h,-0.10612997346435386,-0.033407311862261,-0.09192185778539572,-0.07715304770400352,0.033407311862261,True
rv_24h,fwd_72h,-0.0324132166385828,0.012064467140278427,-0.0025046013285090676,-0.007617783608937813,0.0025046013285090676,False
rv_z_24h,fwd_12h,-0.10577765722492051,-0.031442382447884304,-0.13406327036382976,-0.09042777001221153,0.031442382447884304,True
rv_z_24h,fwd_168h,-0.03956330451729881,0.09256869591828125,-0.011867536809705361,0.013712618197092359,0.011867536809705361,False
rv_z_24h,fwd_1h,-0.035761168507902015,-0.011881823216887823,-0.02118922120942376,-0.0229440709780712,0.011881823216887823,True
rv_z_24h,fwd_24h,-0.05992226768499804,-0.011633496052469668,-0.17248145814637122,-0.0813457406279463,0.011633496052469668,True
rv_z_24h,fwd_3h,-0.06483096026312957,-0.023690635829829363,-0.05303511961730424,-0.04718557190342106,0.023690635829829363,True
rv_z_24h,fwd_48h,0.009878095477119982,0.09232451635017093,-0.10944657205250895,-0.002414653408406011,0.009878095477119982,False
rv_z_24h,fwd_6h,-0.09060046283386511,-0.03368916984187122,-0.09454034176038184,-0.0729433248120394,0.03368916984187122,True
rv_z_24h,fwd_72h,0.019507932499049748,0.05622401888544237,-0.052480048509432324,0.0077506342916866,0.019507932499049748,False
taker_buy_persistence,fwd_12h,0.02301646871904442,0.027657489474902354,0.0016437171664501406,0.017439225120132306,0.0016437171664501406,True
taker_buy_persistence,fwd_168h,0.040381062182041925,0.06732841919714483,0.11888360428985519,0.07553102855634732,0.040381062182041925,True
taker_buy_persistence,fwd_1h,0.01870220599126472,0.00607445690977221,0.016948436268857718,0.013908366389964883,0.00607445690977221,True
taker_buy_persistence,fwd_24h,0.01883113963285375,0.0405466006121747,0.020096204673599485,0.02649131497287598,0.01883113963285375,True
taker_buy_persistence,fwd_3h,0.02421820033242595,0.01387919794636191,0.018537733859406633,0.018878377379398164,0.01387919794636191,True
taker_buy_persistence,fwd_48h,-0.0029831579597641585,0.018313621169630263,-0.000667985798916925,0.004887492470316393,0.000667985798916925,False
taker_buy_persistence,fwd_6h,0.014143553241034806,0.003443008431464837,0.0074449816162422515,0.008343847762913964,0.003443008431464837,True
taker_buy_persistence,fwd_72h,0.024561379364705007,0.018767520549057327,-0.007739543290970204,0.011863118874264042,0.007739543290970204,False
taker_buy_ratio,fwd_12h,-0.004044168872648818,0.005510259006348428,0.018374749320556143,0.006613613151418584,0.004044168872648818,False
taker_buy_ratio,fwd_168h,-0.02773405399908659,0.013048252046322723,0.049092905103867344,0.011469034383701159,0.013048252046322723,False
taker_buy_ratio,fwd_1h,-0.0027871845318379017,0.0035400867517506075,0.01505046385513807,0.005267788691683592,0.0027871845318379017,False
taker_buy_ratio,fwd_24h,0.0003446408990469383,0.021368848485000612,0.028929329770318566,0.01688093971812204,0.0003446408990469383,True
taker_buy_ratio,fwd_3h,0.005106185712847053,0.0012327502817372636,0.018266329832008744,0.00820175527553102,0.0012327502817372636,True
taker_buy_ratio,fwd_48h,-0.019450220065469214,0.009816112098005298,0.02055407511834334,0.0036399890502931413,0.009816112098005298,False
taker_buy_ratio,fwd_6h,0.012579376699944534,0.007682474579925868,0.03492766722051568,0.01839650616679536,0.007682474579925868,True
taker_buy_ratio,fwd_72h,-0.016776780162241337,0.014328719706230938,0.018420475796914203,0.005324138446967935,0.014328719706230938,False
taker_buy_z_24h,fwd_12h,0.01711122266939723,-5.851143500724322e-05,0.007510211877010811,0.008187641037133599,5.851143500724322e-05,False
taker_buy_z_24h,fwd_168h,0.009077396861492393,-0.007424905523721819,0.01485047082446961,0.0055009873874133945,0.007424905523721819,False
taker_buy_z_24h,fwd_1h,-0.0012264025559155863,-0.002866183589323371,0.005705895114439219,0.0005377696564000875,0.0012264025559155863,False
taker_buy_z_24h,fwd_24h,0.026785656782526247,0.015023023239047919,0.02288036686567838,0.021563015629084182,0.015023023239047919,True
taker_buy_z_24h,fwd_3h,0.009854950814466861,-0.0058622204716101,0.0015656283609954366,0.0018527862346173994,0.0015656283609954366,False
taker_buy_z_24h,fwd_48h,0.02038159396023376,0.006321280130248008,0.019199586628088787,0.015300820239523519,0.006321280130248008,True
taker_buy_z_24h,fwd_6h,0.025440074403396854,0.0011974731374477731,0.01902783302668761,0.015221793522510746,0.0011974731374477731,True
taker_buy_z_24h,fwd_72h,0.021639482810389705,-0.002869348080604888,-0.0012242027766364118,0.0058486439843828016,0.0012242027766364118,False
upper_wick_rel,fwd_12h,-0.028463896905214846,0.018285155674354327,0.021454447323672004,0.003758568697603828,0.018285155674354327,False
upper_wick_rel,fwd_168h,-0.07801263725154337,-0.02191394546225087,-0.05595591786434919,-0.05196083352604781,0.02191394546225087,True
upper_wick_rel,fwd_1h,0.007125048038567218,-0.007523410070098982,0.03775187919086323,0.012451172386443823,0.007125048038567218,False
upper_wick_rel,fwd_24h,-0.04640720730995597,-0.016432974558415275,-0.030789688173050278,-0.03120995668047384,0.016432974558415275,True
upper_wick_rel,fwd_3h,0.020655797962890778,-0.01722617400274852,0.014207394989988074,0.005879006316710111,0.014207394989988074,False
upper_wick_rel,fwd_48h,-0.04770169932327604,0.0407833025096213,-0.015529687842593724,-0.007482694885416155,0.015529687842593724,False
upper_wick_rel,fwd_6h,-0.008726662208155286,-0.002806679188090465,0.010140098322141232,-0.0004644143580348394,0.002806679188090465,False
upper_wick_rel,fwd_72h,-0.053784958070933656,0.036509866229051606,-0.009822359549441578,-0.009032483797107875,0.009822359549441578,False
vol_z_24h,fwd_12h,0.00029284971242818847,0.007835325409063057,0.016548647829872615,0.00822560765045462,0.00029284971242818847,True
vol_z_24h,fwd_168h,0.012722144392273742,0.0013452357653544133,0.010083132954696601,0.008050171037441586,0.0013452357653544133,True
vol_z_24h,fwd_1h,-0.023736915339427466,-0.005890305724712632,0.011766853923120522,-0.0059534557136731924,0.005890305724712632,False
vol_z_24h,fwd_24h,-0.03080756085732159,-0.03579725220756684,-0.011490609518025,-0.02603180752763781,0.011490609518025,True
vol_z_24h,fwd_3h,0.004581859666744261,0.008930306849983563,0.028571785950780602,0.014027984155836143,0.004581859666744261,True
vol_z_24h,fwd_48h,-0.03946898790783028,-0.024677826185703872,-0.033673452446729965,-0.03260675551342137,0.024677826185703872,True
vol_z_24h,fwd_6h,0.020509648704145855,0.023315275331850027,0.03201260272680105,0.025279175587598974,0.020509648704145855,True
vol_z_24h,fwd_72h,0.014415691082187971,0.002480059521327058,0.0014035638298290501,0.00609977147778136,0.0014035638298290501,True
zscore_168h,fwd_12h,0.04602488196667779,0.09817241539210358,0.05489065776961943,0.06636265170946694,0.04602488196667779,True
zscore_168h,fwd_168h,-0.06662390162166594,0.002079221939479256,-0.06466160175010292,-0.04306876047742988,0.002079221939479256,False
zscore_168h,fwd_1h,0.011651002109869742,0.031128409080158237,0.017758500759486283,0.020179303983171422,0.011651002109869742,True
zscore_168h,fwd_24h,0.08101294000423409,0.12819536950510463,0.056214967297865855,0.08847442560240153,0.056214967297865855,True
zscore_168h,fwd_3h,0.026161844805578243,0.05451557717450428,0.03417578169991336,0.03828440122666529,0.026161844805578243,True
zscore_168h,fwd_48h,0.08553330590228525,0.10142621522176835,0.03074836181438876,0.07256929431281413,0.03074836181438876,True
zscore_168h,fwd_6h,0.03560286592229444,0.06976752786940187,0.04674119167656479,0.050703861822753694,0.03560286592229444,True
zscore_168h,fwd_72h,0.09780796221970688,0.05725630456015132,0.0335589051349245,0.06287439063826089,0.0335589051349245,True
zscore_24h,fwd_12h,-0.006794598803629914,0.06461233791629578,0.04253841428757581,0.033452051133413895,0.006794598803629914,False
zscore_24h,fwd_168h,0.03466836588447014,0.02965434375992035,0.007693936351935319,0.024005548665441936,0.007693936351935319,True
zscore_24h,fwd_1h,0.014372293058471371,0.02690418387412504,0.014898394377150374,0.018724957103248927,0.014372293058471371,True
zscore_24h,fwd_24h,0.016673769450160112,0.07634735330309377,0.02858145796340749,0.040534193572220455,0.016673769450160112,True
zscore_24h,fwd_3h,0.013353110222722914,0.04047589026788569,0.0269609871540564,0.026929995881555004,0.013353110222722914,True
zscore_24h,fwd_48h,0.03582912536355641,0.05899974872553689,-0.018875954192744283,0.02531763996544967,0.018875954192744283,False
zscore_24h,fwd_6h,0.012636023994450196,0.05044898282301872,0.044594745676149995,0.03589325083120631,0.012636023994450196,True
zscore_24h,fwd_72h,0.04086679822555186,0.049837003464263924,-0.047039196552374665,0.01455486837914704,0.04086679822555186,False
zscore_48h,fwd_12h,0.015688390893776816,0.0815166754680977,0.035489458651264655,0.044231508337713055,0.015688390893776816,True
zscore_48h,fwd_168h,0.04822707541335657,0.05828325513543644,-0.0058448188093228924,0.03355517057982337,0.0058448188093228924,False
zscore_48h,fwd_1h,0.006722425697682982,0.025588101836623328,0.016573974163166923,0.016294833899157746,0.006722425697682982,True
zscore_48h,fwd_24h,0.03575539399764419,0.11542162794861796,0.017420327646351562,0.056199116530871236,0.017420327646351562,True
zscore_48h,fwd_3h,0.006330386307005547,0.04316147616896604,0.032586504881314315,0.02735945578576197,0.006330386307005547,True
zscore_48h,fwd_48h,0.0445832378786476,0.1165266378514046,-0.025835147419229775,0.04509157610360748,0.025835147419229775,False
zscore_48h,fwd_6h,0.010733220682947374,0.054660317707483225,0.04287232499987888,0.03608862113010316,0.010733220682947374,True
zscore_48h,fwd_72h,0.07338275315446936,0.10639561944260961,-0.026846993521261683,0.05097712635860576,0.026846993521261683,False
zscore_72h,fwd_12h,0.00781391435756161,0.10498295372436471,0.03737072687885464,0.05005586498692699,0.00781391435756161,True
zscore_72h,fwd_168h,0.037721000633921406,0.061813962741837196,-0.018729368415445598,0.026935198320104336,0.018729368415445598,False
zscore_72h,fwd_1h,0.0063059006662900706,0.0334903350309245,0.019126062672949796,0.019640766123388123,0.0063059006662900706,True
zscore_72h,fwd_24h,0.03338326576522913,0.13145000698285647,0.011374932443617028,0.05873606839723421,0.011374932443617028,True
zscore_72h,fwd_3h,0.011713619848042492,0.05930643908640325,0.03670442822868249,0.03590816238770941,0.011713619848042492,True
zscore_72h,fwd_48h,0.06697667889531925,0.15123137615419777,-0.023267015939503848,0.0649803463700044,0.023267015939503848,False
zscore_72h,fwd_6h,0.01413363631848047,0.0759905894040925,0.04500619634220906,0.04504347402159401,0.01413363631848047,True
zscore_72h,fwd_72h,0.09648294187205887,0.1302138037074583,-0.015433924760380352,0.07042094027304562,0.015433924760380352,False
